X,Y,FID,ID_ESTACIO,NOMBRE_EST,NOMBRE,TIPO_PUERT,DIRECCION,VAGONES,TIPO_ESTAC,ESTADO,CORREDOR_T,INTEGRACIO,VANDALIZAD,RECONSTRUC,OMI,RECONSTR_1,FASE_RECON,LATITUD,LONGITUD,ESTADO_202,ESTADO_203,ESTADO_204,ESTADO_205,SERVICIOS,ESTACION_M
-8520027.79731554,375458.722082816,1,76001E023,Univalle,Univalle,Puerta Enrollable Botonera Taquilla,Carrera 100 - Calle 13,2,DOB,SER,Carrera 100,N,PERDIDA TOTAL,Fase III,"Pintura, Señalización e Iluminación",Reparadas En Buen Estado,Fase III,864509.4169,1060105.2436,Reconstruida y En Operación,Afectación Baja,Remodeladas,Bueno,No,Universidades
-8520416.05373297,375665.514956598,2,76001E022,Buitrera,Buitrera,Puerta Enrollable Botonera Taquilla,Carrera 100 - Calle 11A,2,DOB,SER,Carrera 100,N,PERDIDA TOTAL,Fase III,"Pintura, Señalización e Iluminación",Reparadas En Buen Estado,Fase III,864714.5169,1059717.5978,Reconstruida y En Operación,Afectación Baja,Remodeladas,Bueno,No,Universidades
-8520705.38461721,376163.428104521,3,76001E021,Meléndez,Meléndez,Puerta Enrollable Botonera Taquilla,Calle 5 - Carrera 94,1,SEN,SER,Calle 5,S,PERDIDA TOTAL,Fase III,"Pintura, Señalización e Iluminación",Reparadas En Buen Estado,Fase III,865208.3412,1059428.7307,Reconstruida y En Operación,Afectación Baja,Remodeladas,Bueno,No,Universidades
-8520943.73472805,377374.58538311,4,76001E020,Capri,Capri,Puerta Telescópica,Calle 5 - Carrera 78,5,MUL,SER,Calle 5,N,AFECTACIÓN ALTA,Fase I,"Pintura, Señalización e Iluminación",Intervención Parcial,Fase I,866409.5334,1059190.7846,Reconstruida y En Operación,Afectación Moderada - Pintura,Regular - Pintura,Regular,No,Universidades
-8521055.98199818,378050.22675474,5,76001E019,Caldas,Caldas,Puerta Telescópica,Calle 5 - Carrera 72,2,DOB,SER,Calle 5,N,AFECTACIÓN INTERMEDIA,Fase I,"Pintura, Señalización e Iluminación",Reparadas En Buen Estado,Fase I,867079.6096,1059078.7322,Reconstruida y En Operación,Afectación Moderada - Pintura,Regular - Pintura,Regular,Si,Universidades
-8521112.99161638,378562.695684922,6,76001E018,Refugio,Refugio,Puerta Telescópica,Calle 5 - Carrera 66,1,SEN,SER,Calle 5,N,AFECTACIÓN INTERMEDIA,Fase I,"Pintura, Señalización e Iluminación",Reparadas En Buen Estado,Fase I,867587.8539,1059021.8266,Reconstruida y En Operación,Afectación Moderada - Pintura,Regular - Pintura,Regular,No,Universidades
-8521151.28904892,379138.530546164,7,76001E017,Pampalinda,Pampalinda,Puerta Telescópica,Calle 5 - Carrera 62,1,SEN,SER,Calle 5,N,AFECTACIÓN INTERMEDIA,Fase I,"Pintura, Señalización e Iluminación",Reparadas En Buen Estado,Fase I,868158.9382,1058983.6056,Reconstruida y En Operación,Afectación Moderada - Pintura,Regular - Pintura,Regular,No,Universidades
-8521221.93899102,379785.796369039,8,76001E016,Guadalupe - Plaza de Toros,Guadalupe - Plaza de Toros,Puerta Telescópica,Calle 5 - Carrera 56,1,SEN,SER,Calle 5,N,AFECTACIÓN INTERMEDIA,Fase I,"Pintura, Señalización e Iluminación",Reparadas En Buen Estado,Fase I,868800.8613,1058913.0863,Reconstruida y En Operación,Afectación Moderada - Pintura,Regular - Pintura,Regular,No,Universidades
-8521320.40517458,380804.592741352,9,76001E014,Lido,Lido,Puertas Enrollables con Botonera Exterior,Calle 5 - Carrera 44,2,DOB,SER,Calle 5,N,AFECTACIÓN ALTA,Fase I,Señalización e Iluminación,Críticas a Intervenir,Fase IV,869811.2401,1058814.807,Reconstruida y En Operación,Afectación Alta,Malas,Remodelada,No,Unidad Deportiva
-8521172.71459597,381324.443216682,10,76001E013,Tequendama,Tequendama,Puerta Enrollable Botonera Taquilla,Calle 5 - Carrera 39,2,DOB,SER,Calle 5,N,AFECTACIÓN ALTA,Fase II,"Pintura, Señalización e Iluminación",Reparadas En Buen Estado,Fase II,870326.7861,1058962.2738,Reconstruida y En Operación,Afectación Baja,Remodeladas,Bueno,Si,Unidad Deportiva
-8520741.46356537,382263.360104265,11,76001E012,Estadio,Estadio,Apertura Remota,Calle 5 - Carreras 34 y 36,2,DOB,SER,Calle 5,N,AFECTACIÓN INTERMEDIA,Fase I,Señalización e Iluminación,Críticas a Intervenir,Fase IV,871257.9187,1059392.8498,Reconstruida y En Operación,Afectación Alta,Malas,Remodelada,No,Unidad Deportiva
-8520498.98615154,382607.647641162,12,76001E011,Manzana del Saber,Manzana del Saber,Puerta Enrollable Botonera Taquilla,Calle 5 - Carrera 27,2,DOB,SER,Calle 5,S,AFECTACIÓN ALTA,Fase II,"Pintura, Señalización e Iluminación",Reparadas En Buen Estado,Fase II,871599.3484,1059634.9405,Reconstruida y En Operación,Afectación Baja,Remodeladas,Bueno,No,Unidad Deportiva
-8520060.76415998,383149.961644071,13,76001E010,Santa Librada,Santa Librada,Puerta Enrollable Botonera Taquilla,Calle 5 - Carrera 22,2,DOB,SER,Calle 5,S,PERDIDA TOTAL,Fase II,"Pintura, Señalización e Iluminación",Reparadas En Buen Estado,Fase II,872137.1587,1060072.4583,Reconstruida y En Operación,Afectación Baja,Remodeladas,Bueno,No,Unidad Deportiva
-8519560.17976707,383425.008601736,14,76001E009,San Bosco,San Bosco,Puerta Enrollable Botonera Taquilla,Carrera 15 - Calle 9,2,DOB,SER,Carrera 15,S,PERDIDA TOTAL,Fase III,"Pintura, Señalización e Iluminación",Reparadas En Buen Estado,Fase III,872409.9173,1060572.2286,Reconstruida y En Operación,Afectación Baja,Remodeladas,Bueno,No,Unidad Deportiva
-8518985.28743297,383467.762449444,15,76001E008,San Pascual,San Pascual,Puerta Enrollable Botonera Taquilla,Carrera 15 - Calles 13 y 15,3,TRI,SER,Carrera 15,N,AFECTACIÓN ALTA,Fase II,"Pintura, Señalización e Iluminación",Reparadas En Buen Estado,Fase II,872452.3109,1061146.1809,Reconstruida y En Operación,Afectación Baja,Remodeladas,Bueno,No,Unidad Deportiva
-8518243.03457429,383634.144922718,16,76001E007,Belalcazar,Belalcazar,Puerta Enrollable Botonera Taquilla,Carrera 15 - Calle 21,1,SEN,SER,Carrera 15,N,AFECTACIÓN ALTA,Fase III,"Pintura, Señalización e Iluminación",Reparadas En Buen Estado,Fase III,872617.3105,1061887.2194,Reconstruida y En Operación,Afectación Baja,Remodeladas,Bueno,No,Andrés Sanín
-8517561.66567242,383758.226891009,17,76001E006,Floresta,Floresta,Puerta Telescópica,Carrera 15 - Calle 30,1,SEN,SER,Carrera 15,N,AFECTACIÓN ALTA, ,Señalización,Reparadas En Buen Estado,Fase I,872740.3651,1062567.4717,Reconstruida y En Operación,Afectación Moderada,Regular,Regular,No,Andrés Sanín
-8516860.79413097,383708.505844534,18,76001E005,Atanasio Girardot,Atanasio Girardot,Puerta Telescópica,Carrera 15 - Calle 34,1,SEN,SER,Carrera 15,N,AFECTACIÓN ALTA, ,Señalización,Reparadas En Buen Estado,Fase I,872691.0633,1063267.1953,Reconstruida y En Operación,Afectación Moderada,Regular,Regular,No,Andrés Sanín
-8516186.90961402,383649.742509233,19,76001E004,Chapinero,Chapinero,Puerta Telescópica,Carrera 15 - Calle 48,1,SEN,SER,Carrera 15,N,AFECTACIÓN ALTA, ,Señalización,Reparadas En Buen Estado,Fase I,872632.7983,1063939.9769,Reconstruida y En Operación,Afectación Moderada,Regular,Regular,No,Andrés Sanín
-8515810.83999476,383601.208788094,20,76001E003,Villacolombia,Villacolombia,Puerta Enrollable Botonera Taquilla,Carrera 15 - Calle 52,1,SEN,SER,Carrera 15,N,AFECTACIÓN ALTA,Fase II,"Pintura, Señalización e Iluminación",Reparadas En Buen Estado,Fase II,872584.6751,1064315.4317,Reconstruida y En Operación,Afectación Baja,Remodeladas,Bueno,No,Andrés Sanín
-8515494.30604899,383565.167335296,21,76001E002,El Trébol,El Trébol,Puerta Enrollable Botonera Taquilla,Carrera 15 - Calle 58,1,SEN,SER,Carrera 15,N,PERDIDA TOTAL,Fase III,"Pintura, Señalización e Iluminación",Reparadas En Buen Estado,Fase III,872548.9403,1064631.4483,Reconstruida y En Operación,Afectación Baja,Remodeladas,Bueno,No,Andrés Sanín
-8514493.62102526,383760.592218045,22,76001E001,7 de Agosto,7 de Agosto,Puerta Enrollable Botonera Taquilla,Carrera 15 - Calle 71A,2,DOB,SER,Carrera 15,N,PERDIDA TOTAL,Fase III,"Pintura, Señalización e Iluminación",Reparadas En Buen Estado,Fase III,872742.7743,1065630.4884,Reconstruida y En Operación,Afectación Baja,Remodeladas,Bueno,No,Andrés Sanín
-8518863.96861894,383564.432921284,23,76001E037,Sucre,Sucre,Puertas Enrollables con Botonera Exterior,Calle 15 - Carrera 14,3,TRI,SER,Calle 15,N,AFECTACIÓN ALTA,Fase I,Señalización e Iluminación,Críticas a Intervenir,Fase IV,872548.1787,1061267.3018,Reconstruida y En Operación,Afectación Alta,Malas,Remodelada,No,Andrés Sanín
-8519048.74660059,384179.28055485,24,76001E036,Petecuy,Petecuy,Puerta Telescópica,Calle 15 - Carrera 8,3,TRI,SER,Calle 15,N,AFECTACIÓN ALTA,Fase I,Señalización e Iluminación,Intervención Parcial,Fase I,873157.9254,1061082.831,Reconstruida y En Operación,Afectación Moderada,Malas,Malo,No,Andrés Sanín
-8519291.67770468,384776.576439706,25,76001E035,San Pedro,San Pedro,Puerta Telescópica,Calle 15 - Carrera 4,3,TRI,SER,Calle 15,N,AFECTACIÓN INTERMEDIA, ,Señalización e Iluminación,Intervención Parcial,Fase I,873750.2635,1060840.3049,Reconstruida y En Operación,Afectación Moderada,Regular,Regular,No,Andrés Sanín
-8519301.57355462,385049.276748572,26,76001E034,Torre de Cali,Torre de Cali,Puerta Telescópica,Calle 15 - Carrera 4N,2,DOB,SER,Calle 15,N,AFECTACIÓN INTERMEDIA, ,Señalización e Iluminación,Intervención Parcial,Fase I,874020.6983,1060830.4281,Reconstruida y En Operación,Afectación Moderada,Regular,Regular,No,Menga
-8519148.00106648,383575.364230722,27,76001E040,Fray Damián,Fray Damián,Puertas Enrollables con Botonera Exterior,Calle 13 - Carrera 15,3,TRI,SER,Calle 13,N,AFECTACIÓN ALTA,Fase I,Señalización,Críticas a Intervenir,Fase IV,872559.0214,1060983.7344,Reconstruida y En Operación,Afectación Alta,Malas,Remodelada,No,Menga
-8519288.24624331,384109.727896114,28,76001E039,Centro,Centro,Puerta Telescópica,Calle 13 - Carrera 8,2,DOB,SER,Calle 13,N,AFECTACIÓN INTERMEDIA,Fase I,Señalización e Iluminación,Intervención Parcial,Fase I,873088.9522,1060843.7241,Reconstruida y En Operación,Afectación Moderada,Regular,Regular,No,Menga
-8519455.73062482,384664.187647566,29,76001E038,La Ermita,La Ermita,Puerta Telescópica,Calle 13 - Carrera 4,2,DOB,SER,Calle 13,N,AFECTACIÓN INTERMEDIA,Fase I,"Pintura, Señalización e Iluminación",Reparadas En Buen Estado,Fase I,873638.81,1060676.5211,Reconstruida y En Operación,Afectación Moderada - Pintura,Regular - Pintura,Regular,No,Menga
-8518742.24833058,385454.783672063,30,76001E032,Río Cali,Río Cali,Puerta Telescópica,Carrera 4N - Calle 23,1,SEN,SER,Carrera 1,N,VANDALIZADA,Fase I,Señalización,Intervención Parcial,Fase I,874422.8308,1061388.8319,Reconstruida y En Operación,Afectación Moderada,Regular - Pintura,Regular,No,Paso del Comercio
-8518795.19852415,385243.252124171,31,76001E033,San Nicolás,San Nicolás,Puerta Telescópica,Carrera 1 - Calle 21,1,SEN,SER,Carrera 1,N,AFECTACIÓN INTERMEDIA,Fase I,Señalización,Intervención Parcial,Fase I,874213.0578,1061335.9682,Reconstruida y En Operación,Afectación Moderada,Regular - Pintura,Regular,No,Paso del Comercio
-8518443.73199858,385412.197675643,32,76001E031,Piloto,Piloto,Puertas Enrollables con Botonera Exterior,Carrera 1 - Calle 24,1,SEN,SER,Carrera 1,N,AFECTACIÓN INTERMEDIA,Fase I,Señalización,Intervención Parcial,Fase I,874380.5978,1061686.8542,Reconstruida y En Operación,Afectación Moderada,Regular - Pintura,Remodelada,No,Paso del Comercio
-8517872.92157352,385725.141569528,33,76001E030,Fátima,Fátima,Puertas Enrollables con Botonera Exterior,Carrera 1 - Calle 30,1,SEN,SER,Carrera 1,N,AFECTACIÓN INTERMEDIA,Fase I,Señalización,Críticas a Intervenir,Fase IV,874690.9402,1062256.7193,Reconstruida y En Operación,Afectación Alta,Malas,Malo,No,Paso del Comercio
-8517419.59628479,386097.2301995,34,76001E029,Manzanares,Manzanares,Puerta Telescópica,Carrera 1 - Calle 39,1,SEN,SER,Carrera 1,N,AFECTACIÓN INTERMEDIA,Fase I,"Pintura, Señalización e Iluminación",Reparadas En Buen Estado,Fase I,875059.9365,1062709.2905,Reconstruida y En Operación,Afectación Moderada,Regular - Pintura,Regular,No,Paso del Comercio
-8517139.37843589,386466.645465391,35,76001E028,Popular,Popular,Puerta Enrollable Botonera Taquilla,Carrera 1 - Calle 44,2,DOB,SER,Carrera 1,N,PERDIDA TOTAL,Fase II,Señalización,Intervención Parcial,Fase II,875426.2804,1062989.0392,Reconstruida y En Operación,Afectación Baja,Remodeladas,Bueno,No,Paso del Comercio
-8516682.63206143,386937.914351321,36,76001E027,Salomia,Salomia,Puerta Telescópica,Carrera 1 - Calle 47,1,SEN,SER,Carrera 1,S,AFECTACIÓN INTERMEDIA,Fase I,Señalización,Intervención Parcial,Fase I,875893.6317,1063445.0186,Reconstruida y En Operación,Afectación Moderada,Regular - Pintura,Regular,No,Paso del Comercio
-8516184.4274586,387440.396438564,37,76001E026,Flora Industrial,Flora Industrial,Puerta Telescópica,Carrera 1 - Calle 56,1,SEN,SER,Carrera 1,N,AFECTACIÓN INTERMEDIA,Fase I,Señalización,Intervención Parcial,Fase I,876391.9368,1063942.3822,Reconstruida y En Operación,Afectación Moderada,Regular - Pintura,Regular,No,Paso del Comercio
-8515741.79039285,387797.130552905,38,76001E025,Chiminangos,Chiminangos,Puerta Enrollable Botonera Taquilla,Carrera 1 - Calle 62,1,SEN,SER,Carrera 1,S,PERDIDA TOTAL,Fase III,"Pintura, Señalización e Iluminación",Reparadas En Buen Estado,Fase III,876745.7075,1064384.2702,Reconstruida y En Operación,Afectación Baja,Remodeladas,Bueno,No,Paso del Comercio
-8519182.86817198,375033.054116513,39,76001E024,Universidades,Universidades,Puerta Enrollable Botonera Taquilla,Carrera 100 - Calle 16,7,MUL,SER,Carrera 100,S,PERDIDA TOTAL,Fase II,"Pintura, Señalización e Iluminación",Reparadas En Buen Estado,Fase II,864087.2364,1060948.8492,Reconstruida y En Operación,Afectación Baja,Remodeladas,Bueno,Si,Universidades
-8521319.95814982,380381.876725406,40,76001E015,Unidad Deportiva,Unidad Deportiva,Puertas Enrollables con Botonera Exterior,Calle 5 - Carrera 52,0,PLA,SER,Calle 5,N,VANDALIZADA,Fase I,Señalización e Iluminación,Intervención Parcial,Fase I,869392.019,1058815.2412,Reconstruida y En Operación,Afectación Moderada,Regular,Regular,Si,Unidad Deportiva
-8519425.09772882,384562.708789174,42,76001E042,Plaza de Caycedo,Plaza de Caycedo,Puerta Telescópica,Calle 13 - Entre Carreras 4 y 5,1,SEN,SER,Calle 13,N,AFECTACIÓN INTERMEDIA,Fase I,Señalización e Iluminación,Intervención Parcial,Fase I,873538.1736,1060707.1024,Reconstruida y En Operación,Afectación Moderada,Regular,Regular,No,Menga
-8518957.26336734,385521.800057117,43,76001E043,Versalles,Versalles,Puerta Telescópica,Av 3N - Calle 21N,1,SEN,SER,Avenida 3N,N,VANDALIZADA,Fase I,Señalización,Intervención Parcial,Fase I,874489.2913,1061174.1731,Reconstruida y En Operación,Afectación Moderada,Regular,Regular,No,Menga
-8518771.15740644,385777.75794656,44,76001E044,Av. Las Americas,Av. Las Americas,Puerta Telescópica,Av 3N - Calle 23BN,1,SEN,SER,Avenida 3N,N,AFECTACIÓN INTERMEDIA,Fase I,Señalización,Intervención Parcial,Fase I,874743.1198,1061359.9723,Reconstruida y En Operación,Afectación Moderada,Regular,Regular,No,Menga
-8518120.78692492,387003.107937691,45,76001E045,Prados del Norte,Prados del Norte,Puerta Telescópica,Av 3N - Calle 38N,1,SEN,SER,Avenida 3N,N,AFECTACIÓN INTERMEDIA,Fase I,Señalización,Intervención Parcial,Fase I,875958.2712,1062009.2634,Reconstruida y En Operación,Afectación Moderada,Regular,Regular,No,Menga
-8517836.86460992,387457.072213617,46,76001E046,Vipasa,Vipasa,Puerta Telescópica,Av 3N - Calle 44N,1,SEN,SER,Avenida 3N,N,VANDALIZADA,Fase I,Pintura y Señalización,Intervención Parcial,Fase I,876408.4547,1062292.7101,Reconstruida y En Operación,Afectación Moderada - Pintura,Malas,Malo,No,Menga
-8517431.39217065,388103.773715955,47,76001E047,Alamos,Alamos,Puerta Telescópica,Av 3N - Calle 52N,1,SEN,SER,Avenida 3N,N,AFECTACIÓN INTERMEDIA,Fase I,Señalización,Intervención Parcial,Fase I,877049.7682,1062697.4991,Reconstruida y En Operación,Afectación Moderada,Regular,Regular,No,Menga
-8518475.1417717,383150.189398058,48,76001E048,Cien Palos,Cien Palos,Puertas Enrollables con Botonera Exterior,Carrera 17 - Calle 18,1,SEN,SER,Aguablanca,N,AFECTACIÓN INTERMEDIA,Fase I,Señalización,Críticas a Intervenir,Fase IV,872137.3691,1061655.4912,Reconstruida y En Operación,Afectación Alta,Malas,Remodelada,Si,Aguablanca
-8517915.58142,382887.42158036,49,76001E049,Primitivo,Primitivo,Puertas Enrollables con Botonera Exterior,Transversal 25 - Diagonal 18,1,SEN,SER,Aguablanca,N,AFECTACIÓN INTERMEDIA,Fase I,Señalización,Críticas a Intervenir,Fase IV,871876.7799,1062214.1385,Reconstruida y En Operación,Afectación Alta,Malas,Malo,Si,Aguablanca
-8517486.91351092,382569.554684877,50,76001E050,Santa Monica,Santa Monica,Puertas Enrollables con Botonera Exterior,Transversal 25 - Calle 28,1,SEN,SER,Aguablanca,N,AFECTACIÓN INTERMEDIA,Fase I,Señalización,Críticas a Intervenir,Fase IV,871561.5495,1062642.1096,Reconstruida y En Operación,Afectación Alta,Malas,Remodelada,Si,Aguablanca
-8517069.96479562,382296.468166067,51,76001E051,Villanueva,Villanueva,Puertas Enrollables con Botonera Exterior,Transversal 25 - Calle 32,1,SEN,SER,Aguablanca,N,AFECTACIÓN ALTA,Fase I,Señalización,Críticas a Intervenir,Fase IV,871290.7292,1063058.3826,Reconstruida y En Operación,Afectación Alta,Malas,Malo,Si,Aguablanca
-8516523.16539331,381734.027127817,52,76001E052,Conquistadores,Conquistadores,Puerta Enrollable Botonera Taquilla,Transversal 29 - Calle 44,1,SEN,SER,Aguablanca,N,PERDIDA TOTAL,Fase III,"Pintura, Señalización e Iluminación",Intervención Puntual,Fase III,870732.9531,1063604.3023,Reconstruida y En Operación,Afectación Baja,Remodeladas,Bueno,Si,Aguablanca
-8515333.20624187,381478.141471471,53,76001E053,Troncal Unida,Troncal Unida,Puertas Enrollables con Botonera Exterior,Carrera 28D - Calle 72I,1,SEN,SER,Aguablanca,N,AFECTACIÓN INTERMEDIA,Fase I,Señalización,Críticas a Intervenir,Fase IV,870479.2112,1064792.3407,Reconstruida y En Operación,Afectación Alta,Malas,Malo,Si,Aguablanca
-8514914.67065598,381113.847975919,54,76001E054,Amanecer,Amanecer,Puertas Enrollables con Botonera Exterior,Carrera 28D - Calle 72U,1,SEN,SER,Aguablanca,N,AFECTACIÓN ALTA,Fase I,Señalización,Críticas a Intervenir,Fase IV,870117.9442,1065210.2105,Reconstruida y En Operación,Afectación Alta,Malas,Remodelada,Si,Aguablanca
-8514510.49349266,380799.569869379,55,76001E055,Nuevo Latir,Nuevo Latir,Puerta Enrollable Botonera Taquilla,Carrera 28D - Calle 80,1,SEN,SER,Aguablanca,S,AFECTACIÓN ALTA,Fase III,"Pintura, Señalización e Iluminación",Intervención Puntual,Fase III,869806.2789,1065613.7461,Reconstruida y En Operación,Afectación Baja,Remodeladas,Bueno,Si,Aguablanca
-8521405.56416162,380389.046973409,56,76001E056,Cañaveralejo,Cañaveralejo,Puertas Enrollables con Botonera Exterior,Calle 5 - Carrera 50,0,MIO,SER,Mio Cable,S,AFECTACIÓN INTERMEDIA, ,No Aplica,No Aplica,No Aplica,869399.1325,1058729.773,Reconstruida y En Operación, , , ,Si,Cañaveralejo
-8522756.61101765,381116.490405726,57,76001E058,Lleras Camargo,Lleras Camargo,Puertas Enrollables con Botonera Exterior,Calle 12 Oeste - Carrera 49B,0,MIO,SER,Mio Cable,S,NO VANDALIZADA, ,No Aplica,No Aplica,No Aplica,870120.6094,1057380.9284,Reconstruida y En Operación, , , ,Si,Cañaveralejo
-8523047.58319159,380668.664554807,58,76001E059,Brisas de Mayo,Brisas de Mayo,Puertas Enrollables con Botonera Exterior,Calle 12A Bis - Carrera 54,0,MIO,SER,Mio Cable,S,NO VANDALIZADA, ,No Aplica,No Aplica,No Aplica,869676.5001,1057090.4059,Reconstruida y En Operación, , , ,Si,Cañaveralejo
-8522386.76611338,380927.037787974,59,76001E057,Tierra Blanca,Tierra Blanca,Puertas Enrollables con Botonera Exterior,Calle 6E Oeste - Carrera 50,0,MIO,SER,Mio Cable,S,NO VANDALIZADA, ,No Aplica,No Aplica,No Aplica,869932.7088,1057750.169,Construida y En Operación, , , ,Si,Cañaveralejo
-8515911.12616561,388429.477190642,60,76001E061,TOriental 1- Estación 1,Los Guaduales,Puertas Enrollables con Botonera Exterior,Calle 70 con Carrera 4N,6,MUL,SER,Oriental Grupo 1,S,NO VANDALIZADA, , ,En Construcción - En Buen Estado,No Aplica,877372.7777,1064215.2045,Construida y En Operación, , , ,Si,Paso del Comercio
-8515533.25971851,388335.855111079,61,76001E062,TOriental 1- Estación 2,Calima,Puertas Enrollables con Botonera Exterior,Calle 70 con Carrera 3BN,5,MUL,SER,Oriental Grupo 1,S,NO VANDALIZADA, , ,En Construcción - En Buen Estado,No Aplica,877279.9454,1064592.4375,Construida y En Operación, , , ,Si,Paso del Comercio
-8514844.44661181,388015.608870753,62,76001E063,TOriental 1- Estación 3,Metropolitano del Norte,Puertas Enrollables con Botonera Exterior,Calle 70 con Carrera 1A6,5,MUL,SER,Oriental Grupo 1,S,NO VANDALIZADA, , ,En Construcción - En Buen Estado,No Aplica,876962.3893,1065280.1024,Construida y En Operación, , , ,Si,Paso del Comercio
-8514589.18267763,387273.546990543,63,76001E064,TOriental 1- Estación 4,San Luis,Puertas Enrollables con Botonera Exterior,Calle 70 con Carrera 1D,2,DOB,SER,Oriental Grupo 1,S,NO VANDALIZADA, , ,En Construcción - En Buen Estado,No Aplica,876226.52,1065534.9633,Construida y En Operación, , , ,Si,Calipso - Julio Rincón
-8514488.79932117,386928.613893157,64,76001E065,TOriental 1- Estación 5,La Rivera,Puertas Enrollables con Botonera Exterior,Calle 70 con Carrera 2,2,DOB,SER,Oriental Grupo 1,S,NO VANDALIZADA, , ,En Construcción - En Buen Estado,No Aplica,875884.4632,1065635.191,Construida y En Operación, , , ,Si,Calipso - Julio Rincón
-8514290.96290999,386308.727675611,65,76001E066,TOriental 1- Estación 6,Jorge Eliecer Gaitan,Puertas Enrollables con Botonera Exterior,Calle 70 con Carrera 5,2,DOB,SER,Oriental Grupo 1,S,NO VANDALIZADA, , ,En Construcción - En Buen Estado,No Aplica,875269.7441,1065832.7203,Construida y En Operación, , , ,Si,Calipso - Julio Rincón
-8514146.75903473,385839.980151316,66,76001E067,TOriental 1- Estación 7,Alfonso López,Puertas Enrollables con Botonera Exterior,Calle 70 con Carrera 7C,2,DOB,SER,Oriental Grupo 1,S,NO VANDALIZADA, , ,En Construcción - En Buen Estado,No Aplica,874804.9015,1065976.7024,Construida y En Operación, , , ,Si,Calipso - Julio Rincón
-8514056.20994314,385317.699642173,67,76001E068,TOriental 1- Estación 8,Las Ceibas,Puertas Enrollables con Botonera Exterior,Calle 70 con Carrera 7H Bis,2,DOB,SER,Oriental Grupo 1,S,NO VANDALIZADA, , ,En Construcción - En Buen Estado,No Aplica,874286.9669,1066067.1218,Construida y En Operación, , , ,Si,Calipso - Julio Rincón
-8514631.10554149,384146.808897233,68,76001E070,TOriental 1- Estación 10,Nueva Base,Puertas Enrollables con Botonera Exterior,Calle 70 con Carrera 11C,2,DOB,SER,Oriental Grupo 1,S,NO VANDALIZADA, , ,En Construcción - En Buen Estado,No Aplica,873125.781,1065493.2162,Construida y En Operación, , , ,Si,Calipso - Julio Rincón
-8514831.47873463,383807.010096395,69,76001E071,TOriental 1- Estación 11,Ulpiano Lloreda,Puertas Enrollables con Botonera Exterior,Calle 70 con Carrerea 12B,2,DOB,SER,Oriental Grupo 1,S,NO VANDALIZADA, , ,En Construcción - En Buen Estado,No Aplica,872788.7957,1065293.1829,Construida y En Operación, , , ,Si,Calipso - Julio Rincón
-8515264.33676867,382912.024657973,70,76001E072,TOriental 1- Estación 12,Lleras Restrepo,Puertas Enrollables con Botonera Exterior,Calle 70 con Carrera 26,2,DOB,SER,Oriental Grupo 1,S,NO VANDALIZADA, , ,En Construcción - En Buen Estado,No Aplica,871901.2199,1064861.0592,Construida y En Operación, , , ,Si,Calipso - Julio Rincón
-8515512.11237613,382461.352442871,71,76001E073,TOriental 1- Estación 13,Nueva Floresta,Puertas Enrollables con Botonera Exterior,Calle 70 con Carrera 26J,2,DOB,SER,Oriental Grupo 1,S,NO VANDALIZADA, , ,En Construcción - En Buen Estado,No Aplica,871454.2759,1064613.6991,Construida y En Operación, , , ,Si,Calipso - Julio Rincón
-8515679.11298363,382126.559489881,72,76001E074,TOriental 1- Estación 14,El Pondaje,Puertas Enrollables con Botonera Exterior,Calle 70 con Carrera 27,2,DOB,SER,Oriental Grupo 1,S,NO VANDALIZADA, , ,En Construcción - En Buen Estado,No Aplica,871122.2521,1064446.9781,Construida y En Operación, , , ,Si,Calipso - Julio Rincón
-8516495.97913829,381207.26413244,73,76001E075,TOriental 2- Estación 15,El Diamante,Puertas Enrollables con Botonera Exterior,Calle 36 con Carrera 32,3,TRI,SER,Oriental Grupo 2,S,NO VANDALIZADA, , ,En Construcción - En Buen Estado,No Aplica,870210.55,1063631.453,Construida y En Operación,Afectación Baja,Remodeladas,Bueno,Si,Simón Bolívar
-8516871.49848752,380844.281871349,74,76001E076,TOriental 2- Estación 16,Antonio Nariño,Puertas Enrollables con Botonera Exterior,Calle 36 con Carrera 39,2,DOB,SER,Oriental Grupo 2,S,NO VANDALIZADA, , ,En Construcción - En Buen Estado,No Aplica,869850.5648,1063256.5447,Construida y En Operación,Afectación Baja,Remodeladas,Bueno,Si,Simón Bolívar
-8517180.75358728,380547.603714306,75,76001E077,TOriental 2- Estación 17,Ciudad Modelo,Puertas Enrollables con Botonera Exterior,Calle 36 con Carrera 41B,5,MUL,SER,Oriental Grupo 2,S,NO VANDALIZADA, , ,En Construcción - En Buen Estado,No Aplica,869556.3363,1062947.7909,Construida y En Operación,Afectación Baja,Remodeladas,Bueno,Si,Simón Bolívar
-8517683.01382112,380065.452334509,76,76001E078,TOriental 2- Estación 18,República de Israel,Puertas Enrollables con Botonera Exterior,Calle 36 con Carrera 42B,5,MUL,SER,Oriental Grupo 2,S,NO VANDALIZADA, , ,En Construcción - En Buen Estado,No Aplica,869078.1662,1062446.3412,Construida y En Operación,Afectación Baja,Remodeladas,Bueno,Si,Simón Bolívar
-8517925.33907337,379833.202495529,77,76001E079,TOriental 2- Estación 19,Villa del Sur,Puertas Enrollables con Botonera Exterior,Calle 36 con Carrera 46,5,MUL,SER,Oriental Grupo 2,S,NO VANDALIZADA, , ,En Construcción - En Buen Estado,No Aplica,868847.8342,1062204.4054,Construida y En Operación,Afectación Baja,Remodeladas,Bueno,Si,Simón Bolívar
-8518324.97096437,379448.398905276,78,76001E080,TOriental 2- Estación 20,Mariano Ramos,Puertas Enrollables con Botonera Exterior,Calle 25 con Carrera 50,5,MUL,SER,Oriental Grupo 2,S,NO VANDALIZADA, , ,En Construcción - En Buen Estado,No Aplica,868466.2083,1061805.4135,Construida y En Operación,Afectación Baja,Remodeladas,Bueno,Si,Simón Bolívar
-8518504.72286411,378905.574343143,79,76001E081,TOriental 2- Estación 21,Cañaverales,Puertas Enrollables con Botonera Exterior,Calle 25 con Carrera 56,3,TRI,SER,Oriental Grupo 2,S,NO VANDALIZADA, , ,En Construcción - En Buen Estado,No Aplica,867927.8649,1061625.9476,Construida y En Operación,Afectación Baja,Remodeladas,Bueno,Si,Simón Bolívar
-8514185.04671874,385002.44301846,81,76001E069,TOriental 1- Estación 9,Los Pinos,Puertas Enrollables con Botonera Exterior,Calle 70 con Carrera 7L Bis,2,DOB,SER,Oriental Grupo 1,S,NO VANDALIZADA, , ,En Construcción - En Buen Estado,No Aplica,873974.3252,1065938.51,Construida y En Operación, , , ,Si,Calipso - Julio Rincón
-8515059.00782543,383326.990032664,88,76001E071,TOriental 1- Estación 11A,Villa del Lago,Puertas Enrollables con Botonera Exterior,Calle 70 con Carrera 25,2,DOB,SER,Oriental Grupo 1,S,NO VANDALIZADA, , ,En Construcción - En Buen Estado,No Aplica,872312.7506,1065066.041,Construida y En Operación, , , ,Si,Calipso - Julio Rincón
-8515311.75343396,388261.652523708,89,76001E062,TOriental 1- Estación 2A,Los Alcázares,Puertas Enrollables con Botonera Exterior,Calle 70 con Carrera 1A5,3,TRI,SER,Oriental Grupo 1,S,NO VANDALIZADA, , ,En Construcción - En Buen Estado,No Aplica,877206.3675,1064813.5733,Construida y En Operación, , , ,Si,Paso del Comercio
